[
  {
    "FirstName": null,
    "LastName": "Baker",
    "soldProducts": [
      {
        "name": "Enchanted Moments Mistletoe Kisses Hand Sanitizer",
        "price": 384.99,
        "buyerFirstName": null,
        "buyerLastName": "Cunningham"
      },
      {
        "name": "XANTHIUM STRUMARIUM VAR CANADENSE POLLEN",
        "price": 1091.38,
        "buyerFirstName": "Carl",
        "buyerLastName": "Lawson"
      },
      {
        "name": "Trihexyphenidyl Hydrochloride",
        "price": 64.88,
        "buyerFirstName": "Brenda",
        "buyerLastName": "Howell"
      },
      {
        "name": "H-Rosacea Formula",
        "price": 99.74,
        "buyerFirstName": "Gloria",
        "buyerLastName": "Alexander"
      }
    ]
  },
  {
    "FirstName": null,
    "LastName": "Bennett",
    "soldProducts": [
      {
        "name": "CLARINS Ever Matte SPF 15 - 105 Nude",
        "price": 696.06,
        "buyerFirstName": "Doris",
        "buyerLastName": "Cook"
      },
      {
        "name": "Lamotrigine Extended Release",
        "price": 245.63,
        "buyerFirstName": null,
        "buyerLastName": "Mitchell"
      },
      {
        "name": "Alcohol Free Antiseptic",
        "price": 1486.07,
        "buyerFirstName": "Jonathan",
        "buyerLastName": "Rodriguez"
      },
      {
        "name": "Topiramate",
        "price": 578.77,
        "buyerFirstName": "Clarence",
        "buyerLastName": "Fowler"
      },
      {
        "name": "Warfarin Sodium",
        "price": 1379.79,
        "buyerFirstName": "Anna",
        "buyerLastName": "Parker"
      }
    ]
  },
  {
    "FirstName": null,
    "LastName": "Cunningham",
    "soldProducts": [
      {
        "name": "Yellow Jacket hymenoptera venom Venomil Diagnostic",
        "price": 23.58,
        "buyerFirstName": "Jennifer",
        "buyerLastName": "Riley"
      },
      {
        "name": "Ketorolac Tromethamine",
        "price": 608.18,
        "buyerFirstName": "Betty",
        "buyerLastName": "Lawson"
      },
      {
        "name": "Ringers",
        "price": 1054.37,
        "buyerFirstName": "Fred",
        "buyerLastName": "Allen"
      },
      {
        "name": "Agaricus Equisetum Special Order",
        "price": 585.93,
        "buyerFirstName": "Ann",
        "buyerLastName": "Stevens"
      },
      {
        "name": "Flumazenil",
        "price": 1151.37,
        "buyerFirstName": "Ann",
        "buyerLastName": "Stevens"
      },
      {
        "name": "pain relief",
        "price": 938.23,
        "buyerFirstName": "Patrick",
        "buyerLastName": "King"
      }
    ]
  },
  {
    "FirstName": null,
    "LastName": "Fox",
    "soldProducts": [
      {
        "name": "GEMCITABINE",
        "price": 1468.11,
        "buyerFirstName": "Sandra",
        "buyerLastName": "Riley"
      }
    ]
  },
  {
    "FirstName": null,
    "LastName": "Harrison",
    "soldProducts": [
      {
        "name": "Megestrol Acetate",
        "price": 976.15,
        "buyerFirstName": null,
        "buyerLastName": "Thompson"
      },
      {
        "name": "Glipizide and Metformin Hydrochloride",
        "price": 953.60,
        "buyerFirstName": null,
        "buyerLastName": "Schmidt"
      },
      {
        "name": "Aquafresh",
        "price": 849.93,
        "buyerFirstName": "Christina",
        "buyerLastName": "Patterson"
      },
      {
        "name": "Warfarin Sodium",
        "price": 138.83,
        "buyerFirstName": "Betty",
        "buyerLastName": "Ward"
      }
    ]
  },
  {
    "FirstName": null,
    "LastName": "Mitchell",
    "soldProducts": [
      {
        "name": "Homeopathic Rheumatism",
        "price": 967.08,
        "buyerFirstName": "Fred",
        "buyerLastName": "Barnes"
      },
      {
        "name": "ziprasidone hydrochloride",
        "price": 628.66,
        "buyerFirstName": "Amanda",
        "buyerLastName": "Frazier"
      },
      {
        "name": "Labetalol hydrochloride",
        "price": 436.38,
        "buyerFirstName": "Jean",
        "buyerLastName": "Henry"
      },
      {
        "name": "kirkland signature minoxidil",
        "price": 49.17,
        "buyerFirstName": null,
        "buyerLastName": "Bennett"
      },
      {
        "name": "Nevirapine",
        "price": 1374.72,
        "buyerFirstName": "Clarence",
        "buyerLastName": "Fowler"
      },
      {
        "name": "NEO-POLY-BAC HYDRO",
        "price": 967.32,
        "buyerFirstName": "Sandra",
        "buyerLastName": "Riley"
      }
    ]
  },
  {
    "FirstName": null,
    "LastName": "Moreno",
    "soldProducts": [
      {
        "name": "LANEIGE MYSTIC VEIL FOUNDATION",
        "price": 20.86,
        "buyerFirstName": null,
        "buyerLastName": "Thompson"
      },
      {
        "name": "Butalbital, Aspirin and Caffeine",
        "price": 1010.98,
        "buyerFirstName": null,
        "buyerLastName": "Schmidt"
      },
      {
        "name": "Pollens - Weeds and Garden Plants, Scotch Broom Cytisus scoparius",
        "price": 135.82,
        "buyerFirstName": "Bonnie",
        "buyerLastName": "Fox"
      }
    ]
  },
  {
    "FirstName": null,
    "LastName": "Peterson",
    "soldProducts": [
      {
        "name": "Buprenorphine hydrochloride and naloxone hydrochloride dihydrate",
        "price": 293.33,
        "buyerFirstName": "Betty",
        "buyerLastName": "Ward"
      },
      {
        "name": "Protonix",
        "price": 466.70,
        "buyerFirstName": "Christina",
        "buyerLastName": "Patterson"
      },
      {
        "name": "Air",
        "price": 331.53,
        "buyerFirstName": null,
        "buyerLastName": "Mitchell"
      },
      {
        "name": "Ranitidine",
        "price": 926.64,
        "buyerFirstName": "Anna",
        "buyerLastName": "Clark"
      }
    ]
  },
  {
    "FirstName": null,
    "LastName": "Schmidt",
    "soldProducts": [
      {
        "name": "Etoposide",
        "price": 1483.96,
        "buyerFirstName": "Ann",
        "buyerLastName": "Stevens"
      },
      {
        "name": "Smooth texture Orange flavor",
        "price": 976.65,
        "buyerFirstName": "Jeremy",
        "buyerLastName": "Woods"
      },
      {
        "name": "ISOPROPYL ALCOHOL",
        "price": 339.48,
        "buyerFirstName": "Betty",
        "buyerLastName": "Ward"
      },
      {
        "name": "Allopurinol",
        "price": 336.81,
        "buyerFirstName": "Emily",
        "buyerLastName": "Parker"
      }
    ]
  },
  {
    "FirstName": null,
    "LastName": "Stewart",
    "soldProducts": [
      {
        "name": "AIR",
        "price": 581.69,
        "buyerFirstName": "Thomas",
        "buyerLastName": "Snyder"
      }
    ]
  },
  {
    "FirstName": null,
    "LastName": "Thompson",
    "soldProducts": [
      {
        "name": "Irbesartan and Hydrochlorothiazide",
        "price": 308.30,
        "buyerFirstName": "Patricia",
        "buyerLastName": "Fuller"
      },
      {
        "name": "Clarins Paris Skin Illusion - 114 cappuccino",
        "price": 811.42,
        "buyerFirstName": "Jeremy",
        "buyerLastName": "Woods"
      },
      {
        "name": "AMARANTHUS PALMERI POLLEN",
        "price": 623.16,
        "buyerFirstName": "Betty",
        "buyerLastName": "Lawson"
      }
    ]
  },
  {
    "FirstName": "Amanda",
    "LastName": "Frazier",
    "soldProducts": [
      {
        "name": "Benazepril Hydrochloride and Hydrochlorothiazide",
        "price": 1187.27,
        "buyerFirstName": null,
        "buyerLastName": "Cunningham"
      },
      {
        "name": "Ibuprofen",
        "price": 1305.96,
        "buyerFirstName": "Paula",
        "buyerLastName": "Hill"
      },
      {
        "name": "CHAMOMILLA",
        "price": 37.97,
        "buyerFirstName": "Sandra",
        "buyerLastName": "Riley"
      },
      {
        "name": "No7 Protect and Perfect Foundation Sunscreen Broad Spectrum SPF 15 Cool Ivory",
        "price": 616.19,
        "buyerFirstName": "Wanda",
        "buyerLastName": "Harris"
      }
    ]
  },
  {
    "FirstName": "Ann",
    "LastName": "Stevens",
    "soldProducts": [
      {
        "name": "Fluoxetine",
        "price": 385.37,
        "buyerFirstName": null,
        "buyerLastName": "Stewart"
      },
      {
        "name": "CARBIDOPA AND LEVODOPA",
        "price": 441.64,
        "buyerFirstName": "Billy",
        "buyerLastName": "Parker"
      },
      {
        "name": "Extra Strength Pain Reliever PM",
        "price": 542.72,
        "buyerFirstName": "Sarah",
        "buyerLastName": "Day"
      },
      {
        "name": "Peter Island Continous sunscreen kids",
        "price": 471.30,
        "buyerFirstName": null,
        "buyerLastName": "Bennett"
      }
    ]
  },
  {
    "FirstName": "Anna",
    "LastName": "Clark",
    "soldProducts": [
      {
        "name": "Allopurinol",
        "price": 518.50,
        "buyerFirstName": "Marie",
        "buyerLastName": "Williamson"
      },
      {
        "name": "Carbon Dioxide Oxygen Mixture",
        "price": 95.49,
        "buyerFirstName": "Joshua",
        "buyerLastName": "Murray"
      },
      {
        "name": "Almond",
        "price": 367.32,
        "buyerFirstName": "Emily",
        "buyerLastName": "Parker"
      },
      {
        "name": "ROPINIROLE HYDROCHLORIDE",
        "price": 266.44,
        "buyerFirstName": "Fred",
        "buyerLastName": "Barnes"
      }
    ]
  },
  {
    "FirstName": "Anna",
    "LastName": "Parker",
    "soldProducts": [
      {
        "name": "Growing Pains",
        "price": 1077.37,
        "buyerFirstName": "Jean",
        "buyerLastName": "Henry"
      },
      {
        "name": "Topical 60 Sec Sodium Fluoride",
        "price": 1228.84,
        "buyerFirstName": "Jacqueline",
        "buyerLastName": "Perez"
      },
      {
        "name": "TYLENOL COLD MULTI-SYMPTOM DAYTIME",
        "price": 1010.81,
        "buyerFirstName": "Jonathan",
        "buyerLastName": "Rodriguez"
      },
      {
        "name": "Foaming Hand Sanitizer",
        "price": 624.72,
        "buyerFirstName": null,
        "buyerLastName": "Thompson"
      },
      {
        "name": "Glycopyrrolate",
        "price": 1471.43,
        "buyerFirstName": "Brenda",
        "buyerLastName": "Howell"
      },
      {
        "name": "Amitriptyline Hydrochloride",
        "price": 1453.96,
        "buyerFirstName": "Nicole",
        "buyerLastName": "Harris"
      },
      {
        "name": "Baza Antifungal",
        "price": 1162.34,
        "buyerFirstName": "Nicole",
        "buyerLastName": "Harris"
      }
    ]
  },
  {
    "FirstName": "Arthur",
    "LastName": "Reynolds",
    "soldProducts": [
      {
        "name": "Pioglitazone",
        "price": 306.56,
        "buyerFirstName": null,
        "buyerLastName": "Fox"
      },
      {
        "name": "Azithromycin",
        "price": 813.87,
        "buyerFirstName": "Marie",
        "buyerLastName": "Williamson"
      }
    ]
  },
  {
    "FirstName": "Benjamin",
    "LastName": "Henry",
    "soldProducts": [
      {
        "name": "Alternaria alternata",
        "price": 61.24,
        "buyerFirstName": "Carl",
        "buyerLastName": "Lawson"
      },
      {
        "name": "Treatment Set TS336667",
        "price": 1466.47,
        "buyerFirstName": "Carl",
        "buyerLastName": "Lawson"
      }
    ]
  },
  {
    "FirstName": "Betty",
    "LastName": "Lawson",
    "soldProducts": [
      {
        "name": "Diastat",
        "price": 614.14,
        "buyerFirstName": "Jennifer",
        "buyerLastName": "Riley"
      }
    ]
  },
  {
    "FirstName": "Billy",
    "LastName": "Parker",
    "soldProducts": [
      {
        "name": "Clearskin",
        "price": 968.59,
        "buyerFirstName": "Emily",
        "buyerLastName": "Parker"
      },
      {
        "name": "Pleo Ginkgo",
        "price": 613.65,
        "buyerFirstName": "Anna",
        "buyerLastName": "Clark"
      }
    ]
  },
  {
    "FirstName": "Bonnie",
    "LastName": "Fox",
    "soldProducts": [
      {
        "name": "Stila Hydrating Primer Oil-Free SPF 30",
        "price": 179.28,
        "buyerFirstName": "Anna",
        "buyerLastName": "Clark"
      },
      {
        "name": "U-max Multi BB",
        "price": 137.16,
        "buyerFirstName": "Carl",
        "buyerLastName": "Lawson"
      }
    ]
  },
  {
    "FirstName": "Brandon",
    "LastName": "Fuller",
    "soldProducts": [
      {
        "name": "Gemcitabine",
        "price": 594.79,
        "buyerFirstName": null,
        "buyerLastName": "Mitchell"
      },
      {
        "name": "Fexofenadine HCl and Pseudoephedrine HCI",
        "price": 73.07,
        "buyerFirstName": "Eugene",
        "buyerLastName": "Stewart"
      },
      {
        "name": "ORCHID SECRET PACT",
        "price": 59.53,
        "buyerFirstName": "Patricia",
        "buyerLastName": "Fuller"
      },
      {
        "name": "Effervescent Cold Relief",
        "price": 1436.07,
        "buyerFirstName": "Patrick",
        "buyerLastName": "King"
      },
      {
        "name": "Gehwol med Lipidro",
        "price": 421.24,
        "buyerFirstName": "Patrick",
        "buyerLastName": "King"
      }
    ]
  },
  {
    "FirstName": "Brenda",
    "LastName": "Howell",
    "soldProducts": [
      {
        "name": "CD CAPTURE TOTALE Triple Correcting Serum Foundation Wrinkles-Dark Spots-Radiance with sunscreen Broad Spectrum SPF 25 010",
        "price": 77.23,
        "buyerFirstName": "Jacqueline",
        "buyerLastName": "Perez"
      }
    ]
  },
  {
    "FirstName": "Carl",
    "LastName": "Daniels",
    "soldProducts": [
      {
        "name": "EPZICOM",
        "price": 895.65,
        "buyerFirstName": "Carl",
        "buyerLastName": "Lawson"
      },
      {
        "name": "Prednisone",
        "price": 1285.99,
        "buyerFirstName": "Wanda",
        "buyerLastName": "Harris"
      }
    ]
  },
  {
    "FirstName": "Carl",
    "LastName": "Lawson",
    "soldProducts": [
      {
        "name": "ENBREL",
        "price": 673.97,
        "buyerFirstName": "Jonathan",
        "buyerLastName": "Rodriguez"
      },
      {
        "name": "ropinirole hydrochloride",
        "price": 103.58,
        "buyerFirstName": "Marie",
        "buyerLastName": "Williamson"
      },
      {
        "name": "Laser Block 100",
        "price": 1135.43,
        "buyerFirstName": "Jean",
        "buyerLastName": "Henry"
      },
      {
        "name": "Metformin Hydrochloride",
        "price": 953.99,
        "buyerFirstName": "Jeremy",
        "buyerLastName": "Woods"
      },
      {
        "name": "Buprenorphine hydrochloride",
        "price": 391.05,
        "buyerFirstName": "Christina",
        "buyerLastName": "Patterson"
      }
    ]
  },
  {
    "FirstName": "Chris",
    "LastName": "Mitchell",
    "soldProducts": [
      {
        "name": "Metoprolol Tartrate",
        "price": 1405.74,
        "buyerFirstName": "Gloria",
        "buyerLastName": "Alexander"
      }
    ]
  },
  {
    "FirstName": "Christina",
    "LastName": "Patterson",
    "soldProducts": [
      {
        "name": "Oxygen",
        "price": 1242.92,
        "buyerFirstName": "Christine",
        "buyerLastName": "Gomez"
      },
      {
        "name": "up and up temporary minor arthritis pain relief",
        "price": 1085.78,
        "buyerFirstName": "Patricia",
        "buyerLastName": "Cooper"
      },
      {
        "name": "Head and Shoulders Conditioner",
        "price": 1099.59,
        "buyerFirstName": null,
        "buyerLastName": "Fox"
      }
    ]
  },
  {
    "FirstName": "Christine",
    "LastName": "Gomez",
    "soldProducts": [
      {
        "name": "Americaine",
        "price": 1165.75,
        "buyerFirstName": "Marie",
        "buyerLastName": "Williamson"
      },
      {
        "name": "CALMING DIAPER RASH",
        "price": 700.92,
        "buyerFirstName": "Arthur",
        "buyerLastName": "Reynolds"
      },
      {
        "name": "Labetalol Hydrochloride",
        "price": 1345.11,
        "buyerFirstName": "Amanda",
        "buyerLastName": "Frazier"
      }
    ]
  },
  {
    "FirstName": "Clarence",
    "LastName": "Fowler",
    "soldProducts": [
      {
        "name": "PredniSONE",
        "price": 286.43,
        "buyerFirstName": "Betty",
        "buyerLastName": "Lawson"
      }
    ]
  },
  {
    "FirstName": "Diana",
    "LastName": "Harvey",
    "soldProducts": [
      {
        "name": "Wintergreen Isopropyl Alcohol",
        "price": 1397.57,
        "buyerFirstName": "Jonathan",
        "buyerLastName": "Rodriguez"
      },
      {
        "name": "Ondansetron",
        "price": 1249.76,
        "buyerFirstName": "Jonathan",
        "buyerLastName": "Rodriguez"
      },
      {
        "name": "VITALUMIERE AQUA",
        "price": 1293.09,
        "buyerFirstName": "Joshua",
        "buyerLastName": "Murray"
      },
      {
        "name": "Etodolac",
        "price": 1443.13,
        "buyerFirstName": null,
        "buyerLastName": "Stewart"
      },
      {
        "name": "Aspen",
        "price": 1046.46,
        "buyerFirstName": "Patrick",
        "buyerLastName": "King"
      }
    ]
  },
  {
    "FirstName": "Doris",
    "LastName": "Cook",
    "soldProducts": [
      {
        "name": "Dawn Ultra Antibacterial Hand",
        "price": 969.86,
        "buyerFirstName": "Nicole",
        "buyerLastName": "Harris"
      },
      {
        "name": "ANXIETY/STRESS RELIEF",
        "price": 324.66,
        "buyerFirstName": null,
        "buyerLastName": "Moreno"
      }
    ]
  },
  {
    "FirstName": "Emily",
    "LastName": "Parker",
    "soldProducts": [
      {
        "name": "Pollens - Trees, Birch Mix",
        "price": 1153.54,
        "buyerFirstName": null,
        "buyerLastName": "Fox"
      },
      {
        "name": "PREMIER VALUE ALLERGY",
        "price": 1127.61,
        "buyerFirstName": "Carl",
        "buyerLastName": "Lawson"
      },
      {
        "name": "cough and sore throat",
        "price": 1482.68,
        "buyerFirstName": "Billy",
        "buyerLastName": "Parker"
      },
      {
        "name": "PRIMAXIN",
        "price": 686.66,
        "buyerFirstName": null,
        "buyerLastName": "Cunningham"
      },
      {
        "name": "smart sense nighttime cold and flu relief",
        "price": 1101.77,
        "buyerFirstName": "Christina",
        "buyerLastName": "Patterson"
      },
      {
        "name": "Prostate",
        "price": 716.05,
        "buyerFirstName": "Christina",
        "buyerLastName": "Patterson"
      }
    ]
  },
  {
    "FirstName": "Eugene",
    "LastName": "Stewart",
    "soldProducts": [
      {
        "name": "Aspirin",
        "price": 925.45,
        "buyerFirstName": "Fred",
        "buyerLastName": "Barnes"
      },
      {
        "name": "Meloxicam",
        "price": 809.18,
        "buyerFirstName": "Chris",
        "buyerLastName": "Mitchell"
      },
      {
        "name": "Retin-A MICRO",
        "price": 995.98,
        "buyerFirstName": "Emily",
        "buyerLastName": "Parker"
      },
      {
        "name": "Topex",
        "price": 1258.49,
        "buyerFirstName": "Paula",
        "buyerLastName": "Hill"
      }
    ]
  },
  {
    "FirstName": "Fred",
    "LastName": "Allen",
    "soldProducts": [
      {
        "name": "smart sense nicotine",
        "price": 1444.12,
        "buyerFirstName": "Billy",
        "buyerLastName": "Parker"
      },
      {
        "name": "MOIST MOISTURE SKIN TONER",
        "price": 152.43,
        "buyerFirstName": null,
        "buyerLastName": "Thompson"
      },
      {
        "name": "Myristica Argentum Sinus Relief",
        "price": 904.52,
        "buyerFirstName": "Rachel",
        "buyerLastName": "Johnson"
      }
    ]
  },
  {
    "FirstName": "Fred",
    "LastName": "Barnes",
    "soldProducts": [
      {
        "name": "Finasteride",
        "price": 1374.01,
        "buyerFirstName": "Wanda",
        "buyerLastName": "Harris"
      },
      {
        "name": "Fair Foundation SPF 15",
        "price": 1394.24,
        "buyerFirstName": "Patricia",
        "buyerLastName": "Cooper"
      },
      {
        "name": "GOONG SECRET CALMING BATH",
        "price": 742.47,
        "buyerFirstName": "Fred",
        "buyerLastName": "Allen"
      },
      {
        "name": "EMEND",
        "price": 1365.51,
        "buyerFirstName": null,
        "buyerLastName": "Fox"
      },
      {
        "name": "Allergena",
        "price": 109.32,
        "buyerFirstName": null,
        "buyerLastName": "Mitchell"
      },
      {
        "name": "allergy eye",
        "price": 426.91,
        "buyerFirstName": "Eugene",
        "buyerLastName": "Stewart"
      },
      {
        "name": "IOPE RETIGEN MOISTURE TWIN CAKE NO.21",
        "price": 1257.71,
        "buyerFirstName": "Arthur",
        "buyerLastName": "Reynolds"
      },
      {
        "name": "ESIKA",
        "price": 879.37,
        "buyerFirstName": "Thomas",
        "buyerLastName": "Snyder"
      },
      {
        "name": "Glyburide",
        "price": 95.10,
        "buyerFirstName": "Betty",
        "buyerLastName": "Ward"
      }
    ]
  },
  {
    "FirstName": "Gary",
    "LastName": "Stevens",
    "soldProducts": [
      {
        "name": "Fosphenytoin Sodium",
        "price": 1334.06,
        "buyerFirstName": "Marie",
        "buyerLastName": "Williamson"
      },
      {
        "name": "Cefadroxil",
        "price": 1302.20,
        "buyerFirstName": null,
        "buyerLastName": "Stewart"
      }
    ]
  },
  {
    "FirstName": "Gloria",
    "LastName": "Alexander",
    "soldProducts": [
      {
        "name": "Strattera",
        "price": 658.54,
        "buyerFirstName": "Ann",
        "buyerLastName": "Stevens"
      },
      {
        "name": "Aspergillus repens",
        "price": 1231.42,
        "buyerFirstName": "Jeremy",
        "buyerLastName": "Woods"
      }
    ]
  },
  {
    "FirstName": "Jacqueline",
    "LastName": "Perez",
    "soldProducts": [
      {
        "name": "Glipizide",
        "price": 621.78,
        "buyerFirstName": "Eugene",
        "buyerLastName": "Stewart"
      },
      {
        "name": "Cold and Cough",
        "price": 218.14,
        "buyerFirstName": null,
        "buyerLastName": "Moreno"
      }
    ]
  },
  {
    "FirstName": "Jean",
    "LastName": "Henry",
    "soldProducts": [
      {
        "name": "DIVALPROEX SODIUM",
        "price": 1287.03,
        "buyerFirstName": "Brenda",
        "buyerLastName": "Howell"
      },
      {
        "name": "LBEL Couleur Luxe Rouge Amplifier XP amplifying SPF 15",
        "price": 1069.43,
        "buyerFirstName": "Joshua",
        "buyerLastName": "Murray"
      },
      {
        "name": "Naproxen",
        "price": 807.22,
        "buyerFirstName": "Anna",
        "buyerLastName": "Parker"
      },
      {
        "name": "Pleo Lat",
        "price": 720.08,
        "buyerFirstName": null,
        "buyerLastName": "Harrison"
      }
    ]
  },
  {
    "FirstName": "Jennifer",
    "LastName": "Riley",
    "soldProducts": [
      {
        "name": "Eszopiclone",
        "price": 405.03,
        "buyerFirstName": "Doris",
        "buyerLastName": "Cook"
      },
      {
        "name": "Allopurinol",
        "price": 48.80,
        "buyerFirstName": "Fred",
        "buyerLastName": "Allen"
      }
    ]
  },
  {
    "FirstName": "Jeremy",
    "LastName": "Woods",
    "soldProducts": [
      {
        "name": "Parsley",
        "price": 519.06,
        "buyerFirstName": "Betty",
        "buyerLastName": "Lawson"
      },
      {
        "name": "XtraCare Foam Antibacterial Hand Wash",
        "price": 1251.97,
        "buyerFirstName": "Anna",
        "buyerLastName": "Clark"
      },
      {
        "name": "Archangelica Eucalyptus",
        "price": 1334.91,
        "buyerFirstName": "Jacqueline",
        "buyerLastName": "Perez"
      },
      {
        "name": "TERSI",
        "price": 554.91,
        "buyerFirstName": "Eugene",
        "buyerLastName": "Stewart"
      }
    ]
  },
  {
    "FirstName": "Jonathan",
    "LastName": "Rodriguez",
    "soldProducts": [
      {
        "name": "equaline",
        "price": 520.45,
        "buyerFirstName": "Billy",
        "buyerLastName": "Parker"
      },
      {
        "name": "Acetic Acid",
        "price": 1060.43,
        "buyerFirstName": "Carl",
        "buyerLastName": "Lawson"
      },
      {
        "name": "Prednisone",
        "price": 550.72,
        "buyerFirstName": null,
        "buyerLastName": "Stewart"
      }
    ]
  },
  {
    "FirstName": "Joshua",
    "LastName": "Murray",
    "soldProducts": [
      {
        "name": "Imipramine Hydrochloride",
        "price": 648.69,
        "buyerFirstName": "Patrick",
        "buyerLastName": "King"
      },
      {
        "name": "Etomidate",
        "price": 393.94,
        "buyerFirstName": "Brenda",
        "buyerLastName": "Howell"
      },
      {
        "name": "SEPHORA Acne-Fighting Mattifying Moisturizer",
        "price": 1019.28,
        "buyerFirstName": "Clarence",
        "buyerLastName": "Fowler"
      },
      {
        "name": "Metaxalone",
        "price": 79.94,
        "buyerFirstName": "Patricia",
        "buyerLastName": "Fuller"
      }
    ]
  },
  {
    "FirstName": "Kathy",
    "LastName": "Gilbert",
    "soldProducts": [
      {
        "name": "Amlodipine Besylate",
        "price": 122.57,
        "buyerFirstName": "Jacqueline",
        "buyerLastName": "Perez"
      },
      {
        "name": "Childrens Allegra Allergy",
        "price": 650.97,
        "buyerFirstName": null,
        "buyerLastName": "Fox"
      },
      {
        "name": "BareMinerals Golden Tan matte",
        "price": 110.93,
        "buyerFirstName": "Patrick",
        "buyerLastName": "King"
      },
      {
        "name": "Gilotrif",
        "price": 1454.77,
        "buyerFirstName": "Rachel",
        "buyerLastName": "Johnson"
      }
    ]
  },
  {
    "FirstName": "Marie",
    "LastName": "Williamson",
    "soldProducts": [
      {
        "name": "PANTOPRAZOLE SODIUM",
        "price": 293.89,
        "buyerFirstName": "Brenda",
        "buyerLastName": "Howell"
      },
      {
        "name": "Acid Reducer",
        "price": 1443.51,
        "buyerFirstName": null,
        "buyerLastName": "Moreno"
      },
      {
        "name": "SUMATRIPTAN SUCCINATE",
        "price": 1265.94,
        "buyerFirstName": "Sarah",
        "buyerLastName": "Day"
      },
      {
        "name": "Isosorbide Mononitrate",
        "price": 789.91,
        "buyerFirstName": "Paula",
        "buyerLastName": "Hill"
      },
      {
        "name": "Care One Hemorrhoidal",
        "price": 932.18,
        "buyerFirstName": "Thomas",
        "buyerLastName": "Snyder"
      }
    ]
  },
  {
    "FirstName": "Nicole",
    "LastName": "Harris",
    "soldProducts": [
      {
        "name": "ENALAPRIL MALEATE",
        "price": 210.42,
        "buyerFirstName": "Christine",
        "buyerLastName": "Gomez"
      },
      {
        "name": "Acnezzol Base",
        "price": 710.60,
        "buyerFirstName": "Patrick",
        "buyerLastName": "King"
      }
    ]
  },
  {
    "FirstName": "Nicole",
    "LastName": "Martinez",
    "soldProducts": [
      {
        "name": "MEDI-FIRST Non-Aspirin",
        "price": 1301.28,
        "buyerFirstName": "Benjamin",
        "buyerLastName": "Henry"
      },
      {
        "name": "Echinacea Quartz Gum Support",
        "price": 570.08,
        "buyerFirstName": "Thomas",
        "buyerLastName": "Snyder"
      },
      {
        "name": "Enalapril Maleate",
        "price": 72.71,
        "buyerFirstName": "Thomas",
        "buyerLastName": "Snyder"
      },
      {
        "name": "Leflunomide",
        "price": 312.85,
        "buyerFirstName": "Jacqueline",
        "buyerLastName": "Perez"
      }
    ]
  },
  {
    "FirstName": "Patricia",
    "LastName": "Cooper",
    "soldProducts": [
      {
        "name": "Nighttime Sleep Aid",
        "price": 1217.11,
        "buyerFirstName": "Jeremy",
        "buyerLastName": "Woods"
      },
      {
        "name": "MEDICATED DANDRUFF",
        "price": 1351.02,
        "buyerFirstName": "Brandon",
        "buyerLastName": "Fuller"
      },
      {
        "name": "Shopko Lip Treatment",
        "price": 861.42,
        "buyerFirstName": "Brenda",
        "buyerLastName": "Howell"
      }
    ]
  },
  {
    "FirstName": "Patricia",
    "LastName": "Fuller",
    "soldProducts": [
      {
        "name": "Amitiza",
        "price": 666.58,
        "buyerFirstName": "Marie",
        "buyerLastName": "Williamson"
      },
      {
        "name": "Pollens - Weeds and Garden Plants, Nettle Urtica dioica",
        "price": 782.77,
        "buyerFirstName": "Christina",
        "buyerLastName": "Patterson"
      },
      {
        "name": "Perrigo Benzoyl Peroxide",
        "price": 873.24,
        "buyerFirstName": "Anna",
        "buyerLastName": "Parker"
      }
    ]
  },
  {
    "FirstName": "Patrick",
    "LastName": "King",
    "soldProducts": [
      {
        "name": "Leg Cramp Relief",
        "price": 1345.69,
        "buyerFirstName": "Kathy",
        "buyerLastName": "Gilbert"
      },
      {
        "name": "leader pain reliever",
        "price": 1179.79,
        "buyerFirstName": "Sarah",
        "buyerLastName": "Day"
      },
      {
        "name": "ESIKA 3-IN-1 PRO MAKE UP FOUNDATION SPF 20 BASE DE MAQUILLAJE PARA ROSTRO 3-EN-1 PRO FPS 20",
        "price": 1097.60,
        "buyerFirstName": "Paula",
        "buyerLastName": "Hill"
      }
    ]
  },
  {
    "FirstName": "Rachel",
    "LastName": "Johnson",
    "soldProducts": [
      {
        "name": "Lorazepam",
        "price": 1134.96,
        "buyerFirstName": "Paula",
        "buyerLastName": "Hill"
      },
      {
        "name": "PLANTAGO LANCEOLATA POLLEN",
        "price": 561.68,
        "buyerFirstName": "Nicole",
        "buyerLastName": "Martinez"
      },
      {
        "name": "Albuterol",
        "price": 108.95,
        "buyerFirstName": null,
        "buyerLastName": "Peterson"
      }
    ]
  },
  {
    "FirstName": "Sandra",
    "LastName": "Riley",
    "soldProducts": [
      {
        "name": "Budpak Hemorrhoid Anesthetic",
        "price": 1499.29,
        "buyerFirstName": "Doris",
        "buyerLastName": "Cook"
      },
      {
        "name": "Levothyroxine Sodium",
        "price": 885.86,
        "buyerFirstName": "Kathy",
        "buyerLastName": "Gilbert"
      },
      {
        "name": "LV-FX",
        "price": 820.87,
        "buyerFirstName": "Brenda",
        "buyerLastName": "Howell"
      }
    ]
  },
  {
    "FirstName": "Sarah",
    "LastName": "Day",
    "soldProducts": [
      {
        "name": "IOPE SUPER VITAL",
        "price": 824.68,
        "buyerFirstName": null,
        "buyerLastName": "Thompson"
      },
      {
        "name": "Triamterene and Hydrochlorothiazide",
        "price": 1416.59,
        "buyerFirstName": "Betty",
        "buyerLastName": "Lawson"
      }
    ]
  },
  {
    "FirstName": "Thomas",
    "LastName": "Snyder",
    "soldProducts": [
      {
        "name": "SNORING HP",
        "price": 53.59,
        "buyerFirstName": "Fred",
        "buyerLastName": "Allen"
      },
      {
        "name": "Warfarin Sodium",
        "price": 770.05,
        "buyerFirstName": "Patricia",
        "buyerLastName": "Cooper"
      },
      {
        "name": "DIPYRIDAMOLE",
        "price": 1150.67,
        "buyerFirstName": "Eugene",
        "buyerLastName": "Stewart"
      },
      {
        "name": "Phenylephrine HCl",
        "price": 459.89,
        "buyerFirstName": "Nicole",
        "buyerLastName": "Martinez"
      },
      {
        "name": "AVANDAMET",
        "price": 632.08,
        "buyerFirstName": "Nicole",
        "buyerLastName": "Harris"
      }
    ]
  },
  {
    "FirstName": "Wanda",
    "LastName": "Harris",
    "soldProducts": [
      {
        "name": "DAYWEAR PLUS MULTI PROTECTION TINTED MOISTURIZER",
        "price": 555.12,
        "buyerFirstName": "Patricia",
        "buyerLastName": "Fuller"
      }
    ]
  }
]