[
  {
    "Id": 1,
    "Make": "Opel",
    "Model": "Omega",
    "TravelledDistance": 176664996,
    "parts": [
      {
        "Name": null,
        "Price": 0.0
      },
      {
        "Name": null,
        "Price": 0.0
      },
      {
        "Name": null,
        "Price": 0.0
      }
    ]
  },
  {
    "Id": 2,
    "Make": "Ferrari",
    "Model": "Daytona",
    "TravelledDistance": 30312194,
    "parts": [
      {
        "Name": null,
        "Price": 0.0
      }
    ]
  },
  {
    "Id": 3,
    "Make": "Ferrari",
    "Model": "F430",
    "TravelledDistance": 235611505,
    "parts": []
  },
  {
    "Id": 4,
    "Make": "Ferrari",
    "Model": "250 GTO",
    "TravelledDistance": 328086491,
    "parts": []
  },
  {
    "Id": 5,
    "Make": "Ferrari",
    "Model": "F40",
    "TravelledDistance": 262060470,
    "parts": []
  },
  {
    "Id": 6,
    "Make": "Ferrari",
    "Model": "250 GTO",
    "TravelledDistance": 455536599,
    "parts": []
  },
  {
    "Id": 7,
    "Make": "Ferrari",
    "Model": "275",
    "TravelledDistance": 5436105,
    "parts": []
  },
  {
    "Id": 8,
    "Make": "Ferrari",
    "Model": "Daytona",
    "TravelledDistance": 351364846,
    "parts": []
  },
  {
    "Id": 9,
    "Make": "Ferrari",
    "Model": "250 GTO",
    "TravelledDistance": 10791694,
    "parts": []
  },
  {
    "Id": 10,
    "Make": "Ferrari",
    "Model": "F40",
    "TravelledDistance": 69764556,
    "parts": []
  },
  {
    "Id": 11,
    "Make": "Ferrari",
    "Model": "F40",
    "TravelledDistance": 106050998,
    "parts": []
  },
  {
    "Id": 12,
    "Make": "Ferrari",
    "Model": "275",
    "TravelledDistance": 448008546,
    "parts": []
  },
  {
    "Id": 13,
    "Make": "Ferrari",
    "Model": "F430",
    "TravelledDistance": 397106659,
    "parts": []
  },
  {
    "Id": 14,
    "Make": "Ferrari",
    "Model": "250 GTO",
    "TravelledDistance": 245546172,
    "parts": []
  },
  {
    "Id": 15,
    "Make": "Ferrari",
    "Model": "Daytona",
    "TravelledDistance": 316270662,
    "parts": []
  },
  {
    "Id": 16,
    "Make": "Lamborghini",
    "Model": "Diablo",
    "TravelledDistance": 400917306,
    "parts": []
  },
  {
    "Id": 17,
    "Make": "Lamborghini",
    "Model": "Gallardo",
    "TravelledDistance": 240371960,
    "parts": []
  },
  {
    "Id": 18,
    "Make": "Lamborghini",
    "Model": "Murciélago",
    "TravelledDistance": 499808136,
    "parts": []
  },
  {
    "Id": 19,
    "Make": "Lamborghini",
    "Model": "Gallardo",
    "TravelledDistance": 437885784,
    "parts": []
  },
  {
    "Id": 20,
    "Make": "Ferrari",
    "Model": "F430",
    "TravelledDistance": 403805820,
    "parts": []
  },
  {
    "Id": 21,
    "Make": "Lamborghini",
    "Model": "Diablo",
    "TravelledDistance": 379116231,
    "parts": []
  },
  {
    "Id": 22,
    "Make": "Ferrari",
    "Model": "250 GTO",
    "TravelledDistance": 496765811,
    "parts": []
  },
  {
    "Id": 23,
    "Make": "Ferrari",
    "Model": "Enzo",
    "TravelledDistance": 497163085,
    "parts": []
  },
  {
    "Id": 24,
    "Make": "Peugeot",
    "Model": "206",
    "TravelledDistance": 471512014,
    "parts": []
  },
  {
    "Id": 25,
    "Make": "Peugeot",
    "Model": "405",
    "TravelledDistance": 428581244,
    "parts": []
  },
  {
    "Id": 26,
    "Make": "Peugeot",
    "Model": "206",
    "TravelledDistance": 225031436,
    "parts": []
  },
  {
    "Id": 27,
    "Make": "Alfa Romeo",
    "Model": "75",
    "TravelledDistance": 492649694,
    "parts": []
  },
  {
    "Id": 28,
    "Make": "Alfa Romeo",
    "Model": "Giulietta",
    "TravelledDistance": 193584127,
    "parts": []
  },
  {
    "Id": 29,
    "Make": "Alfa Romeo",
    "Model": "156",
    "TravelledDistance": 274003107,
    "parts": []
  },
  {
    "Id": 30,
    "Make": "Alfa Romeo",
    "Model": "Giulietta",
    "TravelledDistance": 519844092,
    "parts": []
  },
  {
    "Id": 31,
    "Make": "Alfa Romeo",
    "Model": "75",
    "TravelledDistance": 512903265,
    "parts": []
  },
  {
    "Id": 32,
    "Make": "Ferrari",
    "Model": "275",
    "TravelledDistance": 164216748,
    "parts": []
  },
  {
    "Id": 33,
    "Make": "Alfa Romeo",
    "Model": "164",
    "TravelledDistance": 385298945,
    "parts": []
  },
  {
    "Id": 34,
    "Make": "Alfa Romeo",
    "Model": "156",
    "TravelledDistance": 434781563,
    "parts": []
  },
  {
    "Id": 35,
    "Make": "Alfa Romeo",
    "Model": "AR51",
    "TravelledDistance": 273101528,
    "parts": []
  },
  {
    "Id": 36,
    "Make": "Alfa Romeo",
    "Model": "75",
    "TravelledDistance": 338929990,
    "parts": []
  },
  {
    "Id": 37,
    "Make": "Alfa Romeo",
    "Model": "Alfetta",
    "TravelledDistance": 227419636,
    "parts": []
  },
  {
    "Id": 38,
    "Make": "Alfa Romeo",
    "Model": "AR51",
    "TravelledDistance": 452362116,
    "parts": []
  },
  {
    "Id": 39,
    "Make": "Alfa Romeo",
    "Model": "Giulietta",
    "TravelledDistance": 128074332,
    "parts": []
  },
  {
    "Id": 40,
    "Make": "Alfa Romeo",
    "Model": "Giulia",
    "TravelledDistance": 451741545,
    "parts": []
  },
  {
    "Id": 41,
    "Make": "Ferrari",
    "Model": "Daytona",
    "TravelledDistance": 293676308,
    "parts": []
  },
  {
    "Id": 42,
    "Make": "Alfa Romeo",
    "Model": "Giulietta",
    "TravelledDistance": 436415485,
    "parts": []
  },
  {
    "Id": 43,
    "Make": "Lamborghini",
    "Model": "Murciélago",
    "TravelledDistance": 344136052,
    "parts": []
  },
  {
    "Id": 44,
    "Make": "Lamborghini",
    "Model": "Gallardo",
    "TravelledDistance": 145640651,
    "parts": []
  },
  {
    "Id": 45,
    "Make": "Rolls-Royce",
    "Model": "Phantom Drophead Coupé",
    "TravelledDistance": 483029198,
    "parts": []
  },
  {
    "Id": 46,
    "Make": "Chevy",
    "Model": "Camaro",
    "TravelledDistance": 265890224,
    "parts": []
  },
  {
    "Id": 47,
    "Make": "Chevy",
    "Model": "Malibu",
    "TravelledDistance": 127614006,
    "parts": []
  },
  {
    "Id": 48,
    "Make": "Chevy",
    "Model": "Caprice",
    "TravelledDistance": 401020251,
    "parts": []
  },
  {
    "Id": 49,
    "Make": "Chevy",
    "Model": "Camaro",
    "TravelledDistance": 472935290,
    "parts": []
  },
  {
    "Id": 50,
    "Make": "Chevy",
    "Model": "Caprice",
    "TravelledDistance": 48720733,
    "parts": []
  },
  {
    "Id": 51,
    "Make": "Chevy",
    "Model": "Camaro",
    "TravelledDistance": 140281843,
    "parts": []
  },
  {
    "Id": 52,
    "Make": "Renault",
    "Model": "Espace",
    "TravelledDistance": 379189144,
    "parts": []
  },
  {
    "Id": 53,
    "Make": "Renault",
    "Model": "Captur",
    "TravelledDistance": 515034479,
    "parts": []
  },
  {
    "Id": 54,
    "Make": "Chevy",
    "Model": "Impala",
    "TravelledDistance": 156401301,
    "parts": []
  },
  {
    "Id": 55,
    "Make": "Renault",
    "Model": "Alaskan",
    "TravelledDistance": 392193253,
    "parts": []
  },
  {
    "Id": 56,
    "Make": "Renault",
    "Model": "Alaskan",
    "TravelledDistance": 17909035,
    "parts": []
  },
  {
    "Id": 57,
    "Make": "Renault",
    "Model": "Captur",
    "TravelledDistance": 104305182,
    "parts": []
  },
  {
    "Id": 58,
    "Make": "Renault",
    "Model": "Alaskan",
    "TravelledDistance": 303853081,
    "parts": []
  },
  {
    "Id": 59,
    "Make": "Renault",
    "Model": "Duster",
    "TravelledDistance": 198197668,
    "parts": []
  },
  {
    "Id": 60,
    "Make": "Renault",
    "Model": "Clio IV",
    "TravelledDistance": 410170426,
    "parts": []
  },
  {
    "Id": 61,
    "Make": "Renault",
    "Model": "Alaskan",
    "TravelledDistance": 147141364,
    "parts": []
  },
  {
    "Id": 62,
    "Make": "Renault",
    "Model": "Duster",
    "TravelledDistance": 451149098,
    "parts": []
  },
  {
    "Id": 63,
    "Make": "Renault",
    "Model": "Alaskan",
    "TravelledDistance": 305807332,
    "parts": []
  },
  {
    "Id": 64,
    "Make": "Renault",
    "Model": "Espace",
    "TravelledDistance": 29567678,
    "parts": []
  },
  {
    "Id": 65,
    "Make": "Chevy",
    "Model": "Malibu",
    "TravelledDistance": 250044709,
    "parts": []
  },
  {
    "Id": 66,
    "Make": "Chevy",
    "Model": "Impala",
    "TravelledDistance": 19486044,
    "parts": []
  },
  {
    "Id": 67,
    "Make": "Chevy",
    "Model": "Camaro",
    "TravelledDistance": 152312063,
    "parts": []
  },
  {
    "Id": 68,
    "Make": "Rolls-Royce",
    "Model": "Wraith",
    "TravelledDistance": 193890679,
    "parts": []
  },
  {
    "Id": 69,
    "Make": "Rolls-Royce",
    "Model": "Phantom Drophead Coupé",
    "TravelledDistance": 261927306,
    "parts": []
  },
  {
    "Id": 70,
    "Make": "Rolls-Royce",
    "Model": "Wraith",
    "TravelledDistance": 305587766,
    "parts": []
  },
  {
    "Id": 71,
    "Make": "Rolls-Royce",
    "Model": "Ghost",
    "TravelledDistance": 278821902,
    "parts": []
  },
  {
    "Id": 72,
    "Make": "Rolls-Royce",
    "Model": "Phantom",
    "TravelledDistance": 327285667,
    "parts": []
  },
  {
    "Id": 73,
    "Make": "Rolls-Royce",
    "Model": "Dawn",
    "TravelledDistance": 202157384,
    "parts": []
  },
  {
    "Id": 74,
    "Make": "Rolls-Royce",
    "Model": "Ghost",
    "TravelledDistance": 496937828,
    "parts": []
  },
  {
    "Id": 75,
    "Make": "Rolls-Royce",
    "Model": "Phantom",
    "TravelledDistance": 225233067,
    "parts": []
  },
  {
    "Id": 76,
    "Make": "Rolls-Royce",
    "Model": "Phantom Drophead Coupé",
    "TravelledDistance": 260653592,
    "parts": []
  },
  {
    "Id": 77,
    "Make": "Rolls-Royce",
    "Model": "Phantom",
    "TravelledDistance": 208114157,
    "parts": []
  },
  {
    "Id": 78,
    "Make": "Chevy",
    "Model": "Matiz",
    "TravelledDistance": 274054974,
    "parts": []
  },
  {
    "Id": 79,
    "Make": "Chevy",
    "Model": "Caprice",
    "TravelledDistance": 338430654,
    "parts": []
  },
  {
    "Id": 80,
    "Make": "Chevy",
    "Model": "Cruze",
    "TravelledDistance": 366224374,
    "parts": []
  },
  {
    "Id": 81,
    "Make": "Chevy",
    "Model": "Caprice",
    "TravelledDistance": 247321209,
    "parts": []
  },
  {
    "Id": 82,
    "Make": "Chevy",
    "Model": "Camaro",
    "TravelledDistance": 354394122,
    "parts": []
  },
  {
    "Id": 83,
    "Make": "Chevy",
    "Model": "Corvette",
    "TravelledDistance": 314764731,
    "parts": []
  },
  {
    "Id": 84,
    "Make": "Chevy",
    "Model": "Cruze",
    "TravelledDistance": 333261359,
    "parts": []
  },
  {
    "Id": 85,
    "Make": "Chevy",
    "Model": "Corvette",
    "TravelledDistance": 520332790,
    "parts": []
  },
  {
    "Id": 86,
    "Make": "Chevy",
    "Model": "Camaro",
    "TravelledDistance": 478411784,
    "parts": []
  },
  {
    "Id": 87,
    "Make": "Peugeot",
    "Model": "405",
    "TravelledDistance": 255575847,
    "parts": []
  },
  {
    "Id": 88,
    "Make": "Peugeot",
    "Model": "306",
    "TravelledDistance": 138733144,
    "parts": []
  },
  {
    "Id": 89,
    "Make": "Peugeot",
    "Model": "308",
    "TravelledDistance": 235475304,
    "parts": []
  },
  {
    "Id": 90,
    "Make": "Peugeot",
    "Model": "407",
    "TravelledDistance": 497809602,
    "parts": []
  },
  {
    "Id": 91,
    "Make": "Skoda",
    "Model": "Citigo",
    "TravelledDistance": 186951373,
    "parts": []
  },
  {
    "Id": 92,
    "Make": "Skoda",
    "Model": "Citigo",
    "TravelledDistance": 326326638,
    "parts": []
  },
  {
    "Id": 93,
    "Make": "Skoda",
    "Model": "Rapid Spaceback",
    "TravelledDistance": 477031551,
    "parts": []
  },
  {
    "Id": 94,
    "Make": "Skoda",
    "Model": "Citigo",
    "TravelledDistance": 353678487,
    "parts": []
  },
  {
    "Id": 95,
    "Make": "Seat",
    "Model": "Mii",
    "TravelledDistance": 20379344,
    "parts": []
  },
  {
    "Id": 96,
    "Make": "Seat",
    "Model": "Toledo",
    "TravelledDistance": 172222867,
    "parts": []
  },
  {
    "Id": 97,
    "Make": "Seat",
    "Model": "Ibiza",
    "TravelledDistance": 390958489,
    "parts": []
  },
  {
    "Id": 98,
    "Make": "Seat",
    "Model": "Toledo",
    "TravelledDistance": 196618703,
    "parts": []
  },
  {
    "Id": 99,
    "Make": "Skoda",
    "Model": "Citigo",
    "TravelledDistance": 334919977,
    "parts": []
  },
  {
    "Id": 100,
    "Make": "Seat",
    "Model": "Mii",
    "TravelledDistance": 306842982,
    "parts": []
  },
  {
    "Id": 101,
    "Make": "Seat",
    "Model": "Mii",
    "TravelledDistance": 485157233,
    "parts": []
  },
  {
    "Id": 102,
    "Make": "Seat",
    "Model": "Ibiza",
    "TravelledDistance": 197399178,
    "parts": []
  },
  {
    "Id": 103,
    "Make": "Seat",
    "Model": "Toledo",
    "TravelledDistance": 453385478,
    "parts": []
  },
  {
    "Id": 104,
    "Make": "Seat",
    "Model": "Toledo",
    "TravelledDistance": 43341591,
    "parts": []
  },
  {
    "Id": 105,
    "Make": "Seat",
    "Model": "Mii",
    "TravelledDistance": 473519569,
    "parts": []
  },
  {
    "Id": 106,
    "Make": "Seat",
    "Model": "Ibiza",
    "TravelledDistance": 182688172,
    "parts": []
  },
  {
    "Id": 107,
    "Make": "Seat",
    "Model": "Mii",
    "TravelledDistance": 508783407,
    "parts": []
  },
  {
    "Id": 108,
    "Make": "Seat",
    "Model": "Ibiza",
    "TravelledDistance": 333280407,
    "parts": []
  },
  {
    "Id": 109,
    "Make": "Seat",
    "Model": "Toledo",
    "TravelledDistance": 266451047,
    "parts": []
  },
  {
    "Id": 110,
    "Make": "Skoda",
    "Model": "Fabia",
    "TravelledDistance": 506138915,
    "parts": []
  },
  {
    "Id": 111,
    "Make": "Skoda",
    "Model": "Citigo",
    "TravelledDistance": 46712305,
    "parts": []
  },
  {
    "Id": 112,
    "Make": "Skoda",
    "Model": "Fabia",
    "TravelledDistance": 57662452,
    "parts": []
  },
  {
    "Id": 113,
    "Make": "Dacia",
    "Model": "Sandero Stepway",
    "TravelledDistance": 279714744,
    "parts": []
  },
  {
    "Id": 114,
    "Make": "Dacia",
    "Model": "Duster",
    "TravelledDistance": 423453236,
    "parts": []
  },
  {
    "Id": 115,
    "Make": "Dacia",
    "Model": "Logan",
    "TravelledDistance": 315644424,
    "parts": []
  },
  {
    "Id": 116,
    "Make": "Dacia",
    "Model": "Dokker",
    "TravelledDistance": 294315564,
    "parts": []
  },
  {
    "Id": 117,
    "Make": "Dacia",
    "Model": "Sandero",
    "TravelledDistance": 410003689,
    "parts": []
  },
  {
    "Id": 118,
    "Make": "Dacia",
    "Model": "Dokker",
    "TravelledDistance": 316948000,
    "parts": []
  },
  {
    "Id": 119,
    "Make": "Dacia",
    "Model": "Logan",
    "TravelledDistance": 84177042,
    "parts": []
  },
  {
    "Id": 120,
    "Make": "Dacia",
    "Model": "Logan",
    "TravelledDistance": 459233576,
    "parts": []
  },
  {
    "Id": 121,
    "Make": "Dacia",
    "Model": "Sandero",
    "TravelledDistance": 451514728,
    "parts": []
  },
  {
    "Id": 122,
    "Make": "Dacia",
    "Model": "Dokker",
    "TravelledDistance": 73324963,
    "parts": []
  },
  {
    "Id": 123,
    "Make": "Dacia",
    "Model": "Sandero",
    "TravelledDistance": 443192096,
    "parts": []
  },
  {
    "Id": 124,
    "Make": "Dacia",
    "Model": "Sandero Stepway",
    "TravelledDistance": 249776933,
    "parts": []
  },
  {
    "Id": 125,
    "Make": "Dacia",
    "Model": "Logan",
    "TravelledDistance": 71570263,
    "parts": []
  },
  {
    "Id": 126,
    "Make": "Skoda",
    "Model": "Fabia",
    "TravelledDistance": 520029040,
    "parts": []
  },
  {
    "Id": 127,
    "Make": "Skoda",
    "Model": "Rapid Spaceback",
    "TravelledDistance": 371247268,
    "parts": []
  },
  {
    "Id": 128,
    "Make": "Skoda",
    "Model": "Rapid",
    "TravelledDistance": 490651056,
    "parts": []
  },
  {
    "Id": 129,
    "Make": "Skoda",
    "Model": "Fabia",
    "TravelledDistance": 231485138,
    "parts": []
  },
  {
    "Id": 130,
    "Make": "Skoda",
    "Model": "Fabia",
    "TravelledDistance": 58958961,
    "parts": []
  },
  {
    "Id": 131,
    "Make": "Skoda",
    "Model": "Rapid",
    "TravelledDistance": 267561546,
    "parts": []
  },
  {
    "Id": 132,
    "Make": "Seat",
    "Model": "Mii",
    "TravelledDistance": 304944609,
    "parts": []
  },
  {
    "Id": 133,
    "Make": "Renault",
    "Model": "Alaskan",
    "TravelledDistance": 268240617,
    "parts": []
  },
  {
    "Id": 134,
    "Make": "Seat",
    "Model": "Toledo",
    "TravelledDistance": 144201918,
    "parts": []
  },
  {
    "Id": 135,
    "Make": "Citroen",
    "Model": "C1",
    "TravelledDistance": 505029588,
    "parts": []
  },
  {
    "Id": 136,
    "Make": "Citroen",
    "Model": "Berlingo",
    "TravelledDistance": 436804201,
    "parts": []
  },
  {
    "Id": 137,
    "Make": "Citroen",
    "Model": "C1",
    "TravelledDistance": 396754068,
    "parts": []
  },
  {
    "Id": 138,
    "Make": "Citroen",
    "Model": "Berlingo",
    "TravelledDistance": 242536078,
    "parts": []
  },
  {
    "Id": 139,
    "Make": "Peugeot",
    "Model": "206",
    "TravelledDistance": 130139399,
    "parts": []
  },
  {
    "Id": 140,
    "Make": "Peugeot",
    "Model": "206",
    "TravelledDistance": 167257947,
    "parts": []
  },
  {
    "Id": 141,
    "Make": "Peugeot",
    "Model": "308",
    "TravelledDistance": 63428253,
    "parts": []
  },
  {
    "Id": 142,
    "Make": "Peugeot",
    "Model": "405",
    "TravelledDistance": 319350232,
    "parts": []
  },
  {
    "Id": 143,
    "Make": "Peugeot",
    "Model": "306",
    "TravelledDistance": 72195908,
    "parts": []
  },
  {
    "Id": 144,
    "Make": "Citroen",
    "Model": "C5",
    "TravelledDistance": 32203443,
    "parts": []
  },
  {
    "Id": 145,
    "Make": "Peugeot",
    "Model": "405",
    "TravelledDistance": 225997773,
    "parts": []
  },
  {
    "Id": 146,
    "Make": "Peugeot",
    "Model": "206",
    "TravelledDistance": 310013429,
    "parts": []
  },
  {
    "Id": 147,
    "Make": "Peugeot",
    "Model": "407",
    "TravelledDistance": 336906707,
    "parts": []
  },
  {
    "Id": 148,
    "Make": "Peugeot",
    "Model": "206",
    "TravelledDistance": 312468347,
    "parts": []
  },
  {
    "Id": 149,
    "Make": "Peugeot",
    "Model": "407",
    "TravelledDistance": 422154829,
    "parts": []
  },
  {
    "Id": 150,
    "Make": "Peugeot",
    "Model": "306",
    "TravelledDistance": 201912836,
    "parts": []
  },
  {
    "Id": 151,
    "Make": "Peugeot",
    "Model": "405",
    "TravelledDistance": 179145987,
    "parts": []
  },
  {
    "Id": 152,
    "Make": "Peugeot",
    "Model": "308",
    "TravelledDistance": 229420070,
    "parts": []
  },
  {
    "Id": 153,
    "Make": "Peugeot",
    "Model": "306",
    "TravelledDistance": 343442559,
    "parts": []
  },
  {
    "Id": 154,
    "Make": "Peugeot",
    "Model": "308",
    "TravelledDistance": 454503627,
    "parts": []
  },
  {
    "Id": 155,
    "Make": "Citroen",
    "Model": "C5",
    "TravelledDistance": 347651789,
    "parts": []
  },
  {
    "Id": 156,
    "Make": "Citroen",
    "Model": "C8",
    "TravelledDistance": 48263045,
    "parts": []
  },
  {
    "Id": 157,
    "Make": "Citroen",
    "Model": "Elysée",
    "TravelledDistance": 4120281,
    "parts": []
  },
  {
    "Id": 158,
    "Make": "Citroen",
    "Model": "C5",
    "TravelledDistance": 476502389,
    "parts": []
  },
  {
    "Id": 159,
    "Make": "Citroen",
    "Model": "C1",
    "TravelledDistance": 339260713,
    "parts": []
  },
  {
    "Id": 160,
    "Make": "Citroen",
    "Model": "C3",
    "TravelledDistance": 295402694,
    "parts": []
  },
  {
    "Id": 161,
    "Make": "Citroen",
    "Model": "C4",
    "TravelledDistance": 404134333,
    "parts": []
  },
  {
    "Id": 162,
    "Make": "Citroen",
    "Model": "C1",
    "TravelledDistance": 130512554,
    "parts": []
  },
  {
    "Id": 163,
    "Make": "Citroen",
    "Model": "Elysée",
    "TravelledDistance": 277281794,
    "parts": []
  },
  {
    "Id": 164,
    "Make": "Citroen",
    "Model": "C3",
    "TravelledDistance": 486926519,
    "parts": []
  },
  {
    "Id": 165,
    "Make": "Citroen",
    "Model": "C1",
    "TravelledDistance": 174494239,
    "parts": []
  },
  {
    "Id": 166,
    "Make": "Citroen",
    "Model": "C8",
    "TravelledDistance": 118984206,
    "parts": []
  },
  {
    "Id": 167,
    "Make": "Citroen",
    "Model": "C3",
    "TravelledDistance": 404111136,
    "parts": []
  },
  {
    "Id": 168,
    "Make": "Citroen",
    "Model": "C5",
    "TravelledDistance": 98486390,
    "parts": []
  },
  {
    "Id": 169,
    "Make": "Citroen",
    "Model": "C1",
    "TravelledDistance": 498211182,
    "parts": []
  },
  {
    "Id": 170,
    "Make": "Citroen",
    "Model": "C4",
    "TravelledDistance": 501689589,
    "parts": []
  },
  {
    "Id": 171,
    "Make": "Citroen",
    "Model": "C1",
    "TravelledDistance": 389207601,
    "parts": []
  },
  {
    "Id": 172,
    "Make": "Citroen",
    "Model": "C3",
    "TravelledDistance": 214064329,
    "parts": []
  },
  {
    "Id": 173,
    "Make": "Citroen",
    "Model": "C1",
    "TravelledDistance": 447103875,
    "parts": []
  },
  {
    "Id": 174,
    "Make": "Citroen",
    "Model": "C5",
    "TravelledDistance": 38829917,
    "parts": []
  },
  {
    "Id": 175,
    "Make": "Citroen",
    "Model": "C4",
    "TravelledDistance": 385550653,
    "parts": []
  },
  {
    "Id": 176,
    "Make": "Citroen",
    "Model": "C1",
    "TravelledDistance": 217089114,
    "parts": []
  },
  {
    "Id": 177,
    "Make": "Citroen",
    "Model": "C8",
    "TravelledDistance": 309422851,
    "parts": []
  },
  {
    "Id": 178,
    "Make": "Renault",
    "Model": "Duster",
    "TravelledDistance": 275222997,
    "parts": []
  },
  {
    "Id": 179,
    "Make": "Renault",
    "Model": "Clio IV",
    "TravelledDistance": 225782314,
    "parts": []
  },
  {
    "Id": 180,
    "Make": "Renault",
    "Model": "Alaskan",
    "TravelledDistance": 284369351,
    "parts": []
  },
  {
    "Id": 181,
    "Make": "Mercedes",
    "Model": "A 160",
    "TravelledDistance": 69932764,
    "parts": []
  },
  {
    "Id": 182,
    "Make": "Mercedes",
    "Model": "W212",
    "TravelledDistance": 352906120,
    "parts": []
  },
  {
    "Id": 183,
    "Make": "Mercedes",
    "Model": "A 140",
    "TravelledDistance": 127050841,
    "parts": []
  },
  {
    "Id": 184,
    "Make": "Fiat",
    "Model": "500L",
    "TravelledDistance": 294377378,
    "parts": []
  },
  {
    "Id": 185,
    "Make": "Fiat",
    "Model": "Freemont",
    "TravelledDistance": 370538088,
    "parts": []
  },
  {
    "Id": 186,
    "Make": "Fiat",
    "Model": "500 (2007) Abarth 695 Tributo Maserati",
    "TravelledDistance": 250201285,
    "parts": []
  },
  {
    "Id": 187,
    "Make": "Fiat",
    "Model": "Panda 4x4",
    "TravelledDistance": 507365630,
    "parts": []
  },
  {
    "Id": 188,
    "Make": "Fiat",
    "Model": "Freemont",
    "TravelledDistance": 476416173,
    "parts": []
  },
  {
    "Id": 189,
    "Make": "Mercedes",
    "Model": "A 160 CDI",
    "TravelledDistance": 2043780,
    "parts": []
  },
  {
    "Id": 190,
    "Make": "Fiat",
    "Model": "500L",
    "TravelledDistance": 414493068,
    "parts": []
  },
  {
    "Id": 191,
    "Make": "Fiat",
    "Model": "500 (2007) Abarth 695 Tributo Maserati",
    "TravelledDistance": 255814652,
    "parts": []
  },
  {
    "Id": 192,
    "Make": "Fiat",
    "Model": "500L",
    "TravelledDistance": 418573870,
    "parts": []
  },
  {
    "Id": 193,
    "Make": "Fiat",
    "Model": "500L",
    "TravelledDistance": 450106773,
    "parts": []
  },
  {
    "Id": 194,
    "Make": "Fiat",
    "Model": "Panda 4x4 Antarctica",
    "TravelledDistance": 147310005,
    "parts": []
  },
  {
    "Id": 195,
    "Make": "Fiat",
    "Model": "Panda 4x4",
    "TravelledDistance": 506281363,
    "parts": []
  },
  {
    "Id": 196,
    "Make": "Fiat",
    "Model": "Freemont",
    "TravelledDistance": 46079092,
    "parts": []
  },
  {
    "Id": 197,
    "Make": "Fiat",
    "Model": "Panda",
    "TravelledDistance": 356486400,
    "parts": []
  },
  {
    "Id": 198,
    "Make": "Fiat",
    "Model": "500L",
    "TravelledDistance": 363056661,
    "parts": []
  },
  {
    "Id": 199,
    "Make": "Fiat",
    "Model": "Panda",
    "TravelledDistance": 165915677,
    "parts": []
  },
  {
    "Id": 200,
    "Make": "Mercedes",
    "Model": "W212",
    "TravelledDistance": 103410558,
    "parts": []
  },
  {
    "Id": 201,
    "Make": "Mercedes",
    "Model": "W202",
    "TravelledDistance": 376376181,
    "parts": []
  },
  {
    "Id": 202,
    "Make": "Mercedes",
    "Model": "W211",
    "TravelledDistance": 501021413,
    "parts": []
  },
  {
    "Id": 203,
    "Make": "Ford",
    "Model": "Taurus",
    "TravelledDistance": 403810025,
    "parts": []
  },
  {
    "Id": 204,
    "Make": "Ford",
    "Model": "Pinto",
    "TravelledDistance": 416418181,
    "parts": []
  },
  {
    "Id": 205,
    "Make": "Ford",
    "Model": "Fiesta",
    "TravelledDistance": 301180732,
    "parts": []
  },
  {
    "Id": 206,
    "Make": "Ford",
    "Model": "Torino",
    "TravelledDistance": 450867168,
    "parts": []
  },
  {
    "Id": 207,
    "Make": "Ford",
    "Model": "Pinto",
    "TravelledDistance": 288047842,
    "parts": []
  },
  {
    "Id": 208,
    "Make": "Ford",
    "Model": "Fiesta",
    "TravelledDistance": 344433379,
    "parts": []
  },
  {
    "Id": 209,
    "Make": "Mercedes",
    "Model": "W212",
    "TravelledDistance": 55397761,
    "parts": []
  },
  {
    "Id": 210,
    "Make": "Mercedes",
    "Model": "W124",
    "TravelledDistance": 41606319,
    "parts": []
  },
  {
    "Id": 211,
    "Make": "Mercedes",
    "Model": "W204",
    "TravelledDistance": 134106055,
    "parts": []
  },
  {
    "Id": 212,
    "Make": "Mercedes",
    "Model": "W210",
    "TravelledDistance": 181844305,
    "parts": []
  },
  {
    "Id": 213,
    "Make": "Mercedes",
    "Model": "W211",
    "TravelledDistance": 130475765,
    "parts": []
  },
  {
    "Id": 214,
    "Make": "Mercedes",
    "Model": "W203",
    "TravelledDistance": 259511953,
    "parts": []
  },
  {
    "Id": 215,
    "Make": "Mercedes",
    "Model": "W212",
    "TravelledDistance": 278080805,
    "parts": []
  },
  {
    "Id": 216,
    "Make": "Mercedes",
    "Model": "W211",
    "TravelledDistance": 132956063,
    "parts": []
  },
  {
    "Id": 217,
    "Make": "Mercedes",
    "Model": "W202",
    "TravelledDistance": 402675300,
    "parts": []
  },
  {
    "Id": 218,
    "Make": "Mercedes",
    "Model": "W210",
    "TravelledDistance": 461671208,
    "parts": []
  },
  {
    "Id": 219,
    "Make": "Mercedes",
    "Model": "W124",
    "TravelledDistance": 453245765,
    "parts": []
  },
  {
    "Id": 220,
    "Make": "Mercedes",
    "Model": "W212",
    "TravelledDistance": 437173024,
    "parts": []
  },
  {
    "Id": 221,
    "Make": "Mercedes",
    "Model": "A 170 CDI",
    "TravelledDistance": 203728907,
    "parts": []
  },
  {
    "Id": 222,
    "Make": "Fiat",
    "Model": "Freemont",
    "TravelledDistance": 291375480,
    "parts": []
  },
  {
    "Id": 223,
    "Make": "Ford",
    "Model": "Fiesta",
    "TravelledDistance": 37085116,
    "parts": []
  },
  {
    "Id": 224,
    "Make": "Fiat",
    "Model": "Panda",
    "TravelledDistance": 271974888,
    "parts": []
  },
  {
    "Id": 225,
    "Make": "Fiat",
    "Model": "Panda 4x4 Antarctica",
    "TravelledDistance": 388951228,
    "parts": []
  },
  {
    "Id": 226,
    "Make": "Opel",
    "Model": "Omega",
    "TravelledDistance": 277250812,
    "parts": []
  },
  {
    "Id": 227,
    "Make": "Opel",
    "Model": "Corsa",
    "TravelledDistance": 267253567,
    "parts": []
  },
  {
    "Id": 228,
    "Make": "Opel",
    "Model": "Omega",
    "TravelledDistance": 254808828,
    "parts": []
  },
  {
    "Id": 229,
    "Make": "Opel",
    "Model": "Insignia",
    "TravelledDistance": 339785118,
    "parts": []
  },
  {
    "Id": 230,
    "Make": "Opel",
    "Model": "Corsa",
    "TravelledDistance": 241891505,
    "parts": []
  },
  {
    "Id": 231,
    "Make": "Opel",
    "Model": "Omega",
    "TravelledDistance": 109910837,
    "parts": []
  },
  {
    "Id": 232,
    "Make": "Opel",
    "Model": "Astra",
    "TravelledDistance": 349837452,
    "parts": []
  },
  {
    "Id": 233,
    "Make": "Opel",
    "Model": "Vectra",
    "TravelledDistance": 433351992,
    "parts": []
  },
  {
    "Id": 234,
    "Make": "BMW",
    "Model": "F20",
    "TravelledDistance": 401291910,
    "parts": []
  },
  {
    "Id": 235,
    "Make": "Opel",
    "Model": "Insignia",
    "TravelledDistance": 168539389,
    "parts": []
  },
  {
    "Id": 236,
    "Make": "Opel",
    "Model": "Corsa",
    "TravelledDistance": 282499542,
    "parts": []
  },
  {
    "Id": 237,
    "Make": "Opel",
    "Model": "Astra",
    "TravelledDistance": 31468479,
    "parts": []
  },
  {
    "Id": 238,
    "Make": "Opel",
    "Model": "Insignia",
    "TravelledDistance": 225253817,
    "parts": []
  },
  {
    "Id": 239,
    "Make": "Opel",
    "Model": "Vectra",
    "TravelledDistance": 238042093,
    "parts": []
  },
  {
    "Id": 240,
    "Make": "Opel",
    "Model": "Kadet",
    "TravelledDistance": 31737446,
    "parts": []
  },
  {
    "Id": 241,
    "Make": "Opel",
    "Model": "Corsa",
    "TravelledDistance": 347259126,
    "parts": []
  },
  {
    "Id": 242,
    "Make": "Opel",
    "Model": "Astra",
    "TravelledDistance": 156191509,
    "parts": []
  },
  {
    "Id": 243,
    "Make": "Opel",
    "Model": "Astra",
    "TravelledDistance": 516628215,
    "parts": []
  },
  {
    "Id": 244,
    "Make": "Opel",
    "Model": "Omega",
    "TravelledDistance": 111313670,
    "parts": []
  },
  {
    "Id": 245,
    "Make": "BMW",
    "Model": "F25",
    "TravelledDistance": 476132712,
    "parts": []
  },
  {
    "Id": 246,
    "Make": "BMW",
    "Model": "M5 F10",
    "TravelledDistance": 140799461,
    "parts": []
  },
  {
    "Id": 247,
    "Make": "BMW",
    "Model": "F04",
    "TravelledDistance": 418839575,
    "parts": []
  },
  {
    "Id": 248,
    "Make": "Fiat",
    "Model": "500 (2007) Abarth 695 Tributo Maserati",
    "TravelledDistance": 73917184,
    "parts": []
  },
  {
    "Id": 249,
    "Make": "Fiat",
    "Model": "Panda 4x4 Antarctica",
    "TravelledDistance": 501838637,
    "parts": []
  },
  {
    "Id": 250,
    "Make": "Fiat",
    "Model": "Panda",
    "TravelledDistance": 1591174,
    "parts": []
  },
  {
    "Id": 251,
    "Make": "BMW",
    "Model": "M6 E63",
    "TravelledDistance": 243205800,
    "parts": []
  },
  {
    "Id": 252,
    "Make": "BMW",
    "Model": "F20",
    "TravelledDistance": 171765152,
    "parts": []
  },
  {
    "Id": 253,
    "Make": "BMW",
    "Model": "F04",
    "TravelledDistance": 265166885,
    "parts": []
  },
  {
    "Id": 254,
    "Make": "BMW",
    "Model": "X6 M",
    "TravelledDistance": 183346013,
    "parts": []
  },
  {
    "Id": 255,
    "Make": "BMW",
    "Model": "F20",
    "TravelledDistance": 284809463,
    "parts": []
  },
  {
    "Id": 256,
    "Make": "BMW",
    "Model": "X6 M",
    "TravelledDistance": 227443571,
    "parts": []
  },
  {
    "Id": 257,
    "Make": "BMW",
    "Model": "M5 F10",
    "TravelledDistance": 435603343,
    "parts": []
  },
  {
    "Id": 258,
    "Make": "BMW",
    "Model": "F04",
    "TravelledDistance": 443756363,
    "parts": []
  },
  {
    "Id": 259,
    "Make": "BMW",
    "Model": "F20",
    "TravelledDistance": 487897422,
    "parts": []
  },
  {
    "Id": 260,
    "Make": "BMW",
    "Model": "M6 E63",
    "TravelledDistance": 69863204,
    "parts": []
  },
  {
    "Id": 261,
    "Make": "BMW",
    "Model": "M6 E63",
    "TravelledDistance": 57189891,
    "parts": []
  },
  {
    "Id": 262,
    "Make": "BMW",
    "Model": "E67",
    "TravelledDistance": 476830509,
    "parts": []
  },
  {
    "Id": 263,
    "Make": "BMW",
    "Model": "X6 M",
    "TravelledDistance": 322292247,
    "parts": []
  },
  {
    "Id": 264,
    "Make": "BMW",
    "Model": "1M Coupe",
    "TravelledDistance": 39826890,
    "parts": []
  },
  {
    "Id": 265,
    "Make": "BMW",
    "Model": "M Roadster E85",
    "TravelledDistance": 475685374,
    "parts": []
  },
  {
    "Id": 266,
    "Make": "BMW",
    "Model": "E88",
    "TravelledDistance": 27453411,
    "parts": []
  },
  {
    "Id": 267,
    "Make": "Fiat",
    "Model": "Panda 4x4",
    "TravelledDistance": 94291695,
    "parts": []
  },
  {
    "Id": 268,
    "Make": "Dacia",
    "Model": "Duster",
    "TravelledDistance": 297581436,
    "parts": []
  },
  {
    "Id": 269,
    "Make": "Ford",
    "Model": "Torino",
    "TravelledDistance": 440155426,
    "parts": []
  },
  {
    "Id": 270,
    "Make": "Ford",
    "Model": "GT40",
    "TravelledDistance": 85557373,
    "parts": []
  },
  {
    "Id": 271,
    "Make": "Nissan",
    "Model": "370Z",
    "TravelledDistance": 363918741,
    "parts": []
  },
  {
    "Id": 272,
    "Make": "Nissan",
    "Model": "Altima",
    "TravelledDistance": 407562858,
    "parts": []
  },
  {
    "Id": 273,
    "Make": "Nissan",
    "Model": "GT-R",
    "TravelledDistance": 197599645,
    "parts": []
  },
  {
    "Id": 274,
    "Make": "Nissan",
    "Model": "Altima",
    "TravelledDistance": 393081223,
    "parts": []
  },
  {
    "Id": 275,
    "Make": "Nissan",
    "Model": "370Z",
    "TravelledDistance": 135897329,
    "parts": []
  },
  {
    "Id": 276,
    "Make": "Nissan",
    "Model": "Altima",
    "TravelledDistance": 457486023,
    "parts": []
  },
  {
    "Id": 277,
    "Make": "Nissan",
    "Model": "370Z",
    "TravelledDistance": 91596434,
    "parts": []
  },
  {
    "Id": 278,
    "Make": "Nissan",
    "Model": "370Z",
    "TravelledDistance": 284500319,
    "parts": []
  },
  {
    "Id": 279,
    "Make": "Nissan",
    "Model": "GT-R",
    "TravelledDistance": 326260222,
    "parts": []
  },
  {
    "Id": 280,
    "Make": "Nissan",
    "Model": "GT-R",
    "TravelledDistance": 312316612,
    "parts": []
  },
  {
    "Id": 281,
    "Make": "Nissan",
    "Model": "GT-R",
    "TravelledDistance": 12420594,
    "parts": []
  },
  {
    "Id": 282,
    "Make": "Nissan",
    "Model": "370Z",
    "TravelledDistance": 59351269,
    "parts": []
  },
  {
    "Id": 283,
    "Make": "Nissan",
    "Model": "GT-R",
    "TravelledDistance": 118192217,
    "parts": []
  },
  {
    "Id": 284,
    "Make": "Nissan",
    "Model": "Altima",
    "TravelledDistance": 368986707,
    "parts": []
  },
  {
    "Id": 285,
    "Make": "Nissan",
    "Model": "GT-R",
    "TravelledDistance": 94210828,
    "parts": []
  },
  {
    "Id": 286,
    "Make": "Toyota",
    "Model": "Camry Hybrid",
    "TravelledDistance": 397831570,
    "parts": []
  },
  {
    "Id": 287,
    "Make": "Toyota",
    "Model": "Tacoma",
    "TravelledDistance": 157810668,
    "parts": []
  },
  {
    "Id": 288,
    "Make": "Toyota",
    "Model": "Prius",
    "TravelledDistance": 191675886,
    "parts": []
  },
  {
    "Id": 289,
    "Make": "Nissan",
    "Model": "Altima",
    "TravelledDistance": 486257730,
    "parts": []
  },
  {
    "Id": 290,
    "Make": "Nissan",
    "Model": "Versa",
    "TravelledDistance": 475666874,
    "parts": []
  },
  {
    "Id": 291,
    "Make": "Nissan",
    "Model": "Altima",
    "TravelledDistance": 179796793,
    "parts": []
  },
  {
    "Id": 292,
    "Make": "Nissan",
    "Model": "370Z",
    "TravelledDistance": 55268939,
    "parts": []
  },
  {
    "Id": 293,
    "Make": "Great Wall",
    "Model": "Haval H6",
    "TravelledDistance": 515863753,
    "parts": []
  },
  {
    "Id": 294,
    "Make": "Great Wall",
    "Model": "Haval M4",
    "TravelledDistance": 338663381,
    "parts": []
  },
  {
    "Id": 295,
    "Make": "Great Wall",
    "Model": "Wingle 5",
    "TravelledDistance": 495225064,
    "parts": []
  },
  {
    "Id": 296,
    "Make": "Great Wall",
    "Model": "Steed 3",
    "TravelledDistance": 431796268,
    "parts": []
  },
  {
    "Id": 297,
    "Make": "Great Wall",
    "Model": "H8",
    "TravelledDistance": 261462447,
    "parts": []
  },
  {
    "Id": 298,
    "Make": "Great Wall",
    "Model": "H2",
    "TravelledDistance": 438447396,
    "parts": []
  },
  {
    "Id": 299,
    "Make": "Great Wall",
    "Model": "Haval M4",
    "TravelledDistance": 515523178,
    "parts": []
  },
  {
    "Id": 300,
    "Make": "Great Wall",
    "Model": "H2",
    "TravelledDistance": 357701772,
    "parts": []
  },
  {
    "Id": 301,
    "Make": "Nissan",
    "Model": "Versa",
    "TravelledDistance": 317911903,
    "parts": []
  },
  {
    "Id": 302,
    "Make": "Nissan",
    "Model": "GT-R",
    "TravelledDistance": 122310701,
    "parts": []
  },
  {
    "Id": 303,
    "Make": "Nissan",
    "Model": "Versa",
    "TravelledDistance": 440899435,
    "parts": []
  },
  {
    "Id": 304,
    "Make": "Nissan",
    "Model": "Altima",
    "TravelledDistance": 187152855,
    "parts": []
  },
  {
    "Id": 305,
    "Make": "Nissan",
    "Model": "GT-R",
    "TravelledDistance": 125157902,
    "parts": []
  },
  {
    "Id": 306,
    "Make": "Nissan",
    "Model": "Rogue",
    "TravelledDistance": 310364796,
    "parts": []
  },
  {
    "Id": 307,
    "Make": "Nissan",
    "Model": "Altima",
    "TravelledDistance": 95799498,
    "parts": []
  },
  {
    "Id": 308,
    "Make": "Nissan",
    "Model": "GT-R",
    "TravelledDistance": 274678949,
    "parts": []
  },
  {
    "Id": 309,
    "Make": "Nissan",
    "Model": "Altima",
    "TravelledDistance": 424117627,
    "parts": []
  },
  {
    "Id": 310,
    "Make": "Nissan",
    "Model": "Rogue",
    "TravelledDistance": 114846152,
    "parts": []
  },
  {
    "Id": 311,
    "Make": "Nissan",
    "Model": "GT-R",
    "TravelledDistance": 157249056,
    "parts": []
  },
  {
    "Id": 312,
    "Make": "Toyota",
    "Model": "Camry Hybrid",
    "TravelledDistance": 193362513,
    "parts": []
  },
  {
    "Id": 313,
    "Make": "Ford",
    "Model": "Pinto",
    "TravelledDistance": 248943927,
    "parts": []
  },
  {
    "Id": 314,
    "Make": "Toyota",
    "Model": "Prius",
    "TravelledDistance": 126607020,
    "parts": []
  },
  {
    "Id": 315,
    "Make": "Toyota",
    "Model": "Tacoma",
    "TravelledDistance": 89596390,
    "parts": []
  },
  {
    "Id": 316,
    "Make": "Toyota",
    "Model": "Corolla",
    "TravelledDistance": 356361379,
    "parts": []
  },
  {
    "Id": 317,
    "Make": "Toyota",
    "Model": "Prius",
    "TravelledDistance": 142914233,
    "parts": []
  },
  {
    "Id": 318,
    "Make": "Toyota",
    "Model": "Tacoma",
    "TravelledDistance": 426059006,
    "parts": []
  },
  {
    "Id": 319,
    "Make": "Toyota",
    "Model": "Prius",
    "TravelledDistance": 64266329,
    "parts": []
  },
  {
    "Id": 320,
    "Make": "Toyota",
    "Model": "Tacoma",
    "TravelledDistance": 431663130,
    "parts": []
  },
  {
    "Id": 321,
    "Make": "Toyota",
    "Model": "Prius",
    "TravelledDistance": 508864707,
    "parts": []
  },
  {
    "Id": 322,
    "Make": "Ford",
    "Model": "Ranger",
    "TravelledDistance": 10053919,
    "parts": []
  },
  {
    "Id": 323,
    "Make": "Ford",
    "Model": "Pinto",
    "TravelledDistance": 240662780,
    "parts": []
  },
  {
    "Id": 324,
    "Make": "Toyota",
    "Model": "Yaris",
    "TravelledDistance": 285031257,
    "parts": []
  },
  {
    "Id": 325,
    "Make": "Ford",
    "Model": "Ranger",
    "TravelledDistance": 293626832,
    "parts": []
  },
  {
    "Id": 326,
    "Make": "Ford",
    "Model": "Fiesta",
    "TravelledDistance": 470875447,
    "parts": []
  },
  {
    "Id": 327,
    "Make": "Ford",
    "Model": "Taurus",
    "TravelledDistance": 176314890,
    "parts": []
  },
  {
    "Id": 328,
    "Make": "Ford",
    "Model": "Pinto",
    "TravelledDistance": 99638597,
    "parts": []
  },
  {
    "Id": 329,
    "Make": "Ford",
    "Model": "Fiesta",
    "TravelledDistance": 232084221,
    "parts": []
  },
  {
    "Id": 330,
    "Make": "Ford",
    "Model": "Torino",
    "TravelledDistance": 85841328,
    "parts": []
  },
  {
    "Id": 331,
    "Make": "Ford",
    "Model": "Fiesta",
    "TravelledDistance": 251295244,
    "parts": []
  },
  {
    "Id": 332,
    "Make": "Ford",
    "Model": "GT40",
    "TravelledDistance": 300191400,
    "parts": []
  },
  {
    "Id": 333,
    "Make": "Ford",
    "Model": "Pinto",
    "TravelledDistance": 136428787,
    "parts": []
  },
  {
    "Id": 334,
    "Make": "Ford",
    "Model": "Torino",
    "TravelledDistance": 25860756,
    "parts": []
  },
  {
    "Id": 335,
    "Make": "Toyota",
    "Model": "Prius",
    "TravelledDistance": 141313729,
    "parts": []
  },
  {
    "Id": 336,
    "Make": "Toyota",
    "Model": "Camry Hybrid",
    "TravelledDistance": 151868293,
    "parts": []
  },
  {
    "Id": 337,
    "Make": "Toyota",
    "Model": "Corolla",
    "TravelledDistance": 230556000,
    "parts": []
  },
  {
    "Id": 338,
    "Make": "Toyota",
    "Model": "Prius",
    "TravelledDistance": 332788407,
    "parts": []
  },
  {
    "Id": 339,
    "Make": "Toyota",
    "Model": "Yaris",
    "TravelledDistance": 17169781,
    "parts": []
  },
  {
    "Id": 340,
    "Make": "Toyota",
    "Model": "Prius",
    "TravelledDistance": 424624116,
    "parts": []
  },
  {
    "Id": 341,
    "Make": "Toyota",
    "Model": "Tacoma",
    "TravelledDistance": 425742267,
    "parts": []
  },
  {
    "Id": 342,
    "Make": "Toyota",
    "Model": "Prius",
    "TravelledDistance": 8676482,
    "parts": []
  },
  {
    "Id": 343,
    "Make": "Toyota",
    "Model": "Yaris",
    "TravelledDistance": 18776234,
    "parts": []
  },
  {
    "Id": 344,
    "Make": "Toyota",
    "Model": "Tacoma",
    "TravelledDistance": 174113404,
    "parts": []
  },
  {
    "Id": 345,
    "Make": "Toyota",
    "Model": "Prius",
    "TravelledDistance": 208912076,
    "parts": []
  },
  {
    "Id": 346,
    "Make": "Toyota",
    "Model": "Corolla",
    "TravelledDistance": 333412512,
    "parts": []
  },
  {
    "Id": 347,
    "Make": "Toyota",
    "Model": "Yaris",
    "TravelledDistance": 439493520,
    "parts": []
  },
  {
    "Id": 348,
    "Make": "Toyota",
    "Model": "Corolla",
    "TravelledDistance": 196587490,
    "parts": []
  },
  {
    "Id": 349,
    "Make": "Toyota",
    "Model": "Prius",
    "TravelledDistance": 78228066,
    "parts": []
  },
  {
    "Id": 350,
    "Make": "Toyota",
    "Model": "Corolla",
    "TravelledDistance": 485584239,
    "parts": []
  },
  {
    "Id": 351,
    "Make": "Toyota",
    "Model": "Tacoma",
    "TravelledDistance": 147379564,
    "parts": []
  },
  {
    "Id": 352,
    "Make": "Toyota",
    "Model": "Prius",
    "TravelledDistance": 280666484,
    "parts": []
  },
  {
    "Id": 353,
    "Make": "Toyota",
    "Model": "Camry Hybrid",
    "TravelledDistance": 217630531,
    "parts": []
  },
  {
    "Id": 354,
    "Make": "Toyota",
    "Model": "Tacoma",
    "TravelledDistance": 328571532,
    "parts": []
  },
  {
    "Id": 355,
    "Make": "Toyota",
    "Model": "Corolla",
    "TravelledDistance": 172436753,
    "parts": []
  },
  {
    "Id": 356,
    "Make": "Toyota",
    "Model": "Prius",
    "TravelledDistance": 65891391,
    "parts": []
  },
  {
    "Id": 357,
    "Make": "Toyota",
    "Model": "Camry Hybrid",
    "TravelledDistance": 486872832,
    "parts": []
  },
  {
    "Id": 358,
    "Make": "Dacia",
    "Model": "Logan",
    "TravelledDistance": 231160691,
    "parts": []
  }
]