[
  {
    "Id": 2,
    "Name": "VF Corporation",
    "PartsCount": 0
  },
  {
    "Id": 5,
    "Name": "Saks Inc",
    "PartsCount": 0
  },
  {
    "Id": 8,
    "Name": "Nicor Inc",
    "PartsCount": 0
  },
  {
    "Id": 10,
    "Name": "Level 3 Communications Inc.",
    "PartsCount": 0
  },
  {
    "Id": 12,
    "Name": "GenCorp Inc.",
    "PartsCount": 0
  },
  {
    "Id": 16,
    "Name": "E.I. Du Pont de Nemours and Company",
    "PartsCount": 0
  },
  {
    "Id": 17,
    "Name": "The Clorox Co.",
    "PartsCount": 0
  },
  {
    "Id": 20,
    "Name": "Cintas Corp.",
    "PartsCount": 2
  },
  {
    "Id": 22,
    "Name": "Cintas Corp.",
    "PartsCount": 0
  },
  {
    "Id": 24,
    "Name": "Caterpillar Inc.",
    "PartsCount": 0
  },
  {
    "Id": 27,
    "Name": "Airgas, Inc.",
    "PartsCount": 1
  },
  {
    "Id": 29,
    "Name": "Agway Inc.",
    "PartsCount": 1
  },
  {
    "Id": 31,
    "Name": "Zale",
    "PartsCount": 0
  }
]